{
    "x_start": [
        0.15,
        0.15000000149999998,
        0.15,
        0.15,
        0.15,
        0.15,
        0.15355748583796724,
        0.15355748733796723,
        0.15355748583796724,
        0.15355748583796724,
        0.15355748583796724,
        0.15355748583796724,
        0.2667898187301545,
        0.26678982023015446,
        0.2667898187301545,
        0.2667898187301545,
        0.2667898187301545,
        0.2667898187301545,
        0.32982373034750095,
        0.3298237318475009,
        0.32982373034750095,
        0.32982373034750095,
        0.32982373034750095,
        0.32982373034750095,
        0.2849729847648805,
        0.2849729862648805,
        0.2849729847648805,
        0.2849729847648805,
        0.2849729847648805,
        0.2849729847648805,
        0.2812305883925628,
        0.28123058989256283,
        0.2812305883925628,
        0.2812305883925628,
        0.2812305883925628,
        0.2812305883925628,
        0.2786987855886255,
        0.27869878708862544,
        0.2786987855886255,
        0.2786987855886255,
        0.2786987855886255,
        0.2786987855886255,
        0.2790268235387275,
        0.2790268250387275,
        0.2790268235387275,
        0.2790268235387275,
        0.2790268235387275,
        0.2790268235387275,
        0.279162804025177,
        0.279162805525177,
        0.279162804025177,
        0.279162804025177,
        0.279162804025177,
        0.279162804025177,
        0.2791578247002673,
        0.2791578262002673,
        0.2791578247002673,
        0.2791578247002673,
        0.2791578247002673,
        0.2791578247002673,
        0.2791578700820214,
        0.27915787158202143,
        0.2791578700820214,
        0.2791578700820214,
        0.2791578700820214,
        0.2791578700820214,
        0.2791578700820214
    ],
    "x_end": [
        0.8,
        0.8,
        0.800000008,
        0.8,
        0.8,
        0.8,
        0.7912670106152421,
        0.7912670106152421,
        0.7912670186152422,
        0.7912670106152421,
        0.7912670106152421,
        0.7912670106152421,
        0.6484367356423465,
        0.6484367356423465,
        0.6484367436423466,
        0.6484367356423465,
        0.6484367356423465,
        0.6484367356423465,
        0.7087837925510364,
        0.7087837925510364,
        0.7087838005510365,
        0.7087837925510364,
        0.7087837925510364,
        0.7087837925510364,
        0.6658448343518005,
        0.6658448343518005,
        0.6658448423518006,
        0.6658448343518005,
        0.6658448343518005,
        0.6658448343518005,
        0.6757209661580257,
        0.6757209661580257,
        0.6757209741580257,
        0.6757209661580257,
        0.6757209661580257,
        0.6757209661580257,
        0.6906222025282708,
        0.6906222025282708,
        0.6906222105282708,
        0.6906222025282708,
        0.6906222025282708,
        0.6906222025282708,
        0.6923482982340599,
        0.6923482982340599,
        0.6923483062340599,
        0.6923482982340599,
        0.6923482982340599,
        0.6923482982340599,
        0.6924770906951689,
        0.6924770906951689,
        0.692477098695169,
        0.6924770906951689,
        0.6924770906951689,
        0.6924770906951689,
        0.6924917042515965,
        0.6924917042515965,
        0.6924917122515964,
        0.6924917042515965,
        0.6924917042515965,
        0.6924917042515965,
        0.6924914990140698,
        0.6924914990140698,
        0.6924915070140698,
        0.6924914990140698,
        0.6924914990140698,
        0.6924914990140698,
        0.6924914990140698
    ],
    "t_fs": [
        0.01,
        0.01,
        0.01,
        0.0100000001,
        0.01,
        0.01,
        0.00983858669268689,
        0.00983858669268689,
        0.00983858669268689,
        0.009838586792686892,
        0.00983858669268689,
        0.00983858669268689,
        0.004693339038778339,
        0.004693339038778339,
        0.004693339038778339,
        0.004693339138778339,
        0.004693339038778339,
        0.004693339038778339,
        0.0010003483217404785,
        0.0010003483217404785,
        0.0010003483217404785,
        0.0010003484217404786,
        0.0010003483217404785,
        0.0010003483217404785,
        0.0036280352737154383,
        0.0036280352737154383,
        0.0036280352737154383,
        0.0036280353737154383,
        0.0036280352737154383,
        0.0036280352737154383,
        0.0038447286460214698,
        0.0038447286460214698,
        0.0038447286460214698,
        0.00384472874602147,
        0.0038447286460214698,
        0.0038447286460214698,
        0.00400382248091629,
        0.00400382248091629,
        0.00400382248091629,
        0.00400382258091629,
        0.00400382248091629,
        0.00400382248091629,
        0.0039942242005790015,
        0.0039942242005790015,
        0.0039942242005790015,
        0.003994224300579001,
        0.0039942242005790015,
        0.0039942242005790015,
        0.003988321069889606,
        0.003988321069889606,
        0.003988321069889606,
        0.003988321169889605,
        0.003988321069889606,
        0.003988321069889606,
        0.003988599666578445,
        0.003988599666578445,
        0.003988599666578445,
        0.003988599766578445,
        0.003988599666578445,
        0.003988599666578445,
        0.0039885969772170205,
        0.0039885969772170205,
        0.0039885969772170205,
        0.00398859707721702,
        0.0039885969772170205,
        0.0039885969772170205,
        0.0039885969772170205
    ],
    "t_rs": [
        0.01,
        0.01,
        0.01,
        0.01,
        0.0100000001,
        0.01,
        0.010074388877454826,
        0.010074388877454826,
        0.010074388877454826,
        0.010074388877454826,
        0.010074388977454826,
        0.010074388877454826,
        0.012457335938971636,
        0.012457335938971636,
        0.012457335938971636,
        0.012457335938971636,
        0.012457336038971636,
        0.012457335938971636,
        0.013692801948658233,
        0.013692801948658233,
        0.013692801948658233,
        0.013692801948658233,
        0.013692802048658232,
        0.013692801948658233,
        0.012813726380370323,
        0.012813726380370323,
        0.012813726380370323,
        0.012813726380370323,
        0.012813726480370323,
        0.012813726380370323,
        0.012735328404439526,
        0.012735328404439526,
        0.012735328404439526,
        0.012735328404439526,
        0.012735328504439525,
        0.012735328404439526,
        0.012679961895005825,
        0.012679961895005825,
        0.012679961895005825,
        0.012679961895005825,
        0.012679961995005824,
        0.012679961895005825,
        0.012685712241640173,
        0.012685712241640173,
        0.012685712241640173,
        0.012685712241640173,
        0.012685712341640173,
        0.012685712241640173,
        0.012688324053478806,
        0.012688324053478806,
        0.012688324053478806,
        0.012688324053478806,
        0.012688324153478805,
        0.012688324053478806,
        0.01268822081349624,
        0.01268822081349624,
        0.01268822081349624,
        0.01268822081349624,
        0.012688220913496237,
        0.01268822081349624,
        0.012688221789278711,
        0.012688221789278711,
        0.012688221789278711,
        0.012688221789278711,
        0.012688221889278711,
        0.012688221789278711,
        0.012688221789278711
    ],