{
    "x_start": [
        0.25,
        0.2500000025,
        0.25,
        0.25,
        0.25,
        0.25,
        0.24820691217952315,
        0.24820691467952316,
        0.24820691217952315,
        0.24820691217952315,
        0.24820691217952315,
        0.24820691217952315,
        0.24989829325364224,
        0.24989829575364225,
        0.24989829325364224,
        0.24989829325364224,
        0.24989829325364224,
        0.24989829325364224,
        0.2490526027165827,
        0.2490526052165827,
        0.2490526027165827,
        0.2490526027165827,
        0.2490526027165827,
        0.2490526027165827,
        0.24841831726883695,
        0.24841831976883696,
        0.24841831726883695,
        0.24841831726883695,
        0.24841831726883695,
        0.24841831726883695,
        0.24830947195043004,
        0.24830947445043006,
        0.24830947195043004,
        0.24830947195043004,
        0.24830947195043004,
        0.24830947195043004,
        0.2413435292937953,
        0.2413435317937953,
        0.2413435292937953,
        0.2413435292937953,
        0.2413435292937953,
        0.2413435292937953,
        0.24137526478781843,
        0.24137526728781844,
        0.24137526478781843,
        0.24137526478781843,
        0.24137526478781843,
        0.24137526478781843,
        0.2402182732479382,
        0.24021827574793822,
        0.2402182732479382,
        0.2402182732479382,
        0.2402182732479382,
        0.2402182732479382,
        0.23629708757765724,
        0.23629709007765726,
        0.23629708757765724,
        0.23629708757765724,
        0.23629708757765724,
        0.23629708757765724,
        0.2346555405476447,
        0.23465554304764472,
        0.2346555405476447,
        0.2346555405476447,
        0.2346555405476447,
        0.2346555405476447,
        0.234546418607695,
        0.23454642110769502,
        0.234546418607695,
        0.234546418607695,
        0.234546418607695,
        0.234546418607695,
        0.23454549242371103,
        0.23454549492371105,
        0.23454549242371103,
        0.23454549242371103,
        0.23454549242371103,
        0.23454549242371103,
        0.23454548804408806,
        0.23454549054408808,
        0.23454548804408806,
        0.23454548804408806,
        0.23454548804408806,
        0.23454548804408806,
        0.23454548804408806
    ],
    "x_end": [
        0.7,
        0.7,
        0.7000000069999999,
        0.7,
        0.7,
        0.7,
        0.6930365145367985,
        0.6930365145367985,
        0.6930365215367985,
        0.6930365145367985,
        0.6930365145367985,
        0.6930365145367985,
        0.6996050202105643,
        0.6996050202105643,
        0.6996050272105643,
        0.6996050202105643,
        0.6996050202105643,
        0.6996050202105643,
        0.6963207673736813,
        0.6963207673736813,
        0.6963207743736815,
        0.6963207673736813,
        0.6963207673736813,
        0.6963207673736813,
        0.6938575096099188,
        0.6938575096099188,
        0.6938575166099189,
        0.6938575096099188,
        0.6938575096099188,
        0.6938575096099188,
        0.6934348070608253,
        0.6934348070608253,
        0.6934348140608253,
        0.6934348070608253,
        0.6934348070608253,
        0.6934348070608253,
        0.6675055965720584,
        0.6675055965720584,
        0.6675056035720586,
        0.6675055965720584,
        0.6675055965720584,
        0.6675055965720584,
        0.6721725837245444,
        0.6721725837245444,
        0.6721725907245444,
        0.6721725837245444,
        0.6721725837245444,
        0.6721725837245444,
        0.6767428675311007,
        0.6767428675311007,
        0.6767428745311007,
        0.6767428675311007,
        0.6767428675311007,
        0.6767428675311007,
        0.6852113017206537,
        0.6852113017206537,
        0.6852113087206537,
        0.6852113017206537,
        0.6852113017206537,
        0.6852113017206537,
        0.6854354018001297,
        0.6854354018001297,
        0.6854354088001298,
        0.6854354018001297,
        0.6854354018001297,
        0.6854354018001297,
        0.6848270838106038,
        0.6848270838106038,
        0.6848270908106038,
        0.6848270838106038,
        0.6848270838106038,
        0.6848270838106038,
        0.6848234743204827,
        0.6848234743204827,
        0.6848234813204828,
        0.6848234743204827,
        0.6848234743204827,
        0.6848234743204827,
        0.6848234941195622,
        0.6848234941195622,
        0.6848235011195623,
        0.6848234941195622,
        0.6848234941195622,
        0.6848234941195622,
        0.6848234941195622
    ],
    "t_fs": [
        0.005,
        0.005,
        0.005,
        0.00500000005,
        0.005,
        0.005,
        0.0050137973406867795,
        0.0050137973406867795,
        0.0050137973406867795,
        0.005013797390686779,
        0.0050137973406867795,
        0.0050137973406867795,
        0.005000782606748882,
        0.005000782606748882,
        0.005000782606748882,
        0.0050007826567488815,
        0.005000782606748882,
        0.005000782606748882,
        0.00500728997371783,
        0.00500728997371783,
        0.00500728997371783,
        0.00500729002371783,
        0.00500728997371783,
        0.00500728997371783,
        0.0050121706339483416,
        0.0050121706339483416,
        0.0050121706339483416,
        0.005012170683948341,
        0.0050121706339483416,
        0.0050121706339483416,
        0.00501300817013763,
        0.00501300817013763,
        0.00501300817013763,
        0.005013008220137629,
        0.00501300817013763,
        0.00501300817013763,
        0.005078904793964737,
        0.005078904793964737,
        0.005078904793964737,
        0.005078904843964737,
        0.005078904793964737,
        0.005078904793964737,
        0.005086341347193057,
        0.005086341347193057,
        0.005086341347193057,
        0.0050863413971930565,
        0.005086341347193057,
        0.005086341347193057,
        0.0051130183304323555,
        0.0051130183304323555,
        0.0051130183304323555,
        0.005113018380432355,
        0.0051130183304323555,
        0.0051130183304323555,
        0.005189731437857745,
        0.005189731437857745,
        0.005189731437857745,
        0.005189731487857745,
        0.005189731437857745,
        0.005189731437857745,
        0.005214111091675026,
        0.005214111091675026,
        0.005214111091675026,
        0.0052141111416750255,
        0.005214111091675026,
        0.005214111091675026,
        0.0052144799885943185,
        0.0052144799885943185,
        0.0052144799885943185,
        0.005214480038594318,
        0.0052144799885943185,
        0.0052144799885943185,
        0.00521448627005255,
        0.00521448627005255,
        0.00521448627005255,
        0.0052144863200525495,
        0.00521448627005255,
        0.00521448627005255,
        0.005214486372877884,
        0.005214486372877884,
        0.005214486372877884,
        0.005214486422877883,
        0.005214486372877884,
        0.005214486372877884,
        0.005214486372877884
    ],