{
    "x_start": {
        "flutter": -0.9226174195828296,
        "divergence": -0.947821289506324
    },
    "x_end": {
        "flutter": 0.8643905209200698,
        "divergence": 1.2868225414411254
    },
    "t_fs": {
        "flutter": 0.013640481817198851,
        "divergence": 0.14932551761558877
    },
    "t_rs": {
        "flutter": -0.00534791089851144,
        "divergence": -0.00734343221197996
    },
    "t_skin": {
        "flutter": 0.32984916964581645,
        "divergence": 0.08410688301152575
    }
}